{"perf/mfu/actor":0,"val/kl":0.623699138493227,"response_length/clip_ratio":0.078125,"global_seqlen/minmax_diff":437,"timing_s/testing":696.383400265011,"timing_per_token_ms/gen":1.7921343730773907,"perf/time_per_step":70.23582902201451,"global_seqlen/balanced_max":4318,"actor/grad_norm":0.47596657276153564,"response_length_non_aborted/clip_ratio":0.078125,"actor/lr":1e-05,"timing_s/agent_loop/generate_sequences/max":5.5045532989897765,"perf/max_memory_reserved_gb":27.3125,"global_seqlen/max":4536,"actor/kl_coef":0.01,"val/gold_mean":3.9648595158796525,"training/epoch":0,"global_seqlen/balanced_min":4317,"global_seqlen/min":4099,"prompt_length/max":53,"global_seqlen/mean":4317.5,"timing_s/ref":3.8618842380237766,"timing_s/agent_loop/tool_calls/max":0,"timing_s/start_profile":0.00016086397226899862,"response_length_non_aborted/min":97,"_wandb":{"runtime":45403},"prompt_length/mean":20.375,"timing_s/agent_loop/slowest/generate_sequences":5.5045532989897765,"perf/cpu_memory_used_gb":30.002605438232422,"critic/rewards/max":5.6673736572265625,"actor/pg_loss":-6.496557034552097e-07,"prompt_length/clip_ratio":0,"critic/score/min":1.3602885007858276,"num_turns/min":2,"timing_s/agent_loop/tool_calls/mean":0,"timing_s/old_log_prob":11.507327154977247,"response_length/min":97,"perf/max_memory_allocated_gb":26.63813018798828,"timing_s/agent_loop/slowest/tool_calls":0,"perf/total_num_tokens":8635,"timing_per_token_ms/update_actor":4.703151991195302,"timing_s/agent_loop/slowest/prompt_length":17,"response/aborted_ratio":0,"response_length_non_aborted/max":128,"timing_s/agent_loop/tool_calls/min":0,"critic/advantages/mean":0.001468076603487134,"timing_s/adv":0.004042894986923784,"critic/advantages/max":1.7478562593460083,"num_turns/mean":2,"critic/score/max":5.6673736572265625,"critic/advantages/min":-2.3409483432769775,"critic/returns/max":1.7478562593460083,"critic/returns/mean":0.001468076603487134,"timing_s/agent_loop/slowest/response_length":128,"train/reward_mean":4.288628421723843,"_runtime":45403.61890039,"timing_per_token_ms/ref":0.44723615958584556,"actor/kl_loss":0.36212354782037437,"response_length_non_aborted/mean":114.546875,"actor/entropy":0.8864315748214722,"timing_s/step":70.23582902201451,"perf/throughput":61.471474888503636,"response_length/mean":114.546875,"prompt_length/min":10,"critic/rewards/mean":4.288628578186035,"actor/ppo_kl":0,"response_length/max":128,"timing_s/agent_loop/generate_sequences/mean":1.9284147244552514,"_step":500,"training/global_step":500,"timing_s/gen":13.138137089030351,"num_turns/max":2,"actor/pg_clipfrac_lower":0,"critic/score/mean":4.288628578186035,"_timestamp":1.7696167276423287e+09,"timing_s/agent_loop/generate_sequences/min":1.6115219850325957,"critic/rewards/min":1.3602885007858276,"critic/returns/min":-2.3409483432769775,"timing_per_token_ms/adv":0.0004681986087925633,"timing_s/reward":1.1006820789771155,"val/proxy_mean":4.500660360150505,"timing_s/stop_profile":6.109202513471246e-05,"perf/mfu/actor_infer":0,"timing_s/update_actor":40.61171744397143,"actor/pg_clipfrac":0}