{"actor/grad_norm":0.9459723830223083,"timing_per_token_ms/gen":1.4895863718883715,"perf/max_memory_allocated_gb":24.652024269104004,"critic/rewards/mean":4.9931640625,"response/aborted_ratio":0,"val/proxy_mean":5.525099569000304,"response_length_non_aborted/max":96,"timing_s/agent_loop/generate_sequences/max":2.3664314160123467,"timing_s/agent_loop/slowest/prompt_length":10,"response_length_non_aborted/min":69,"global_seqlen/balanced_min":3661,"perf/time_per_step":52.91368572995998,"actor/ppo_kl":0,"prompt_length/clip_ratio":0,"actor/entropy":1.096230149269104,"global_seqlen/minmax_diff":474,"critic/rewards/max":6.012197494506836,"critic/returns/mean":-0.006483943667262793,"timing_s/gen":8.96433078602422,"global_seqlen/max":3898,"timing_s/agent_loop/slowest/response_length":96,"actor/kl_loss":0,"timing_s/agent_loop/generate_sequences/min":0.9860198859823868,"timing_s/agent_loop/tool_calls/max":0,"_step":500,"response_length_non_aborted/clip_ratio":0.78125,"perf/total_num_tokens":7322,"timing_per_token_ms/adv":0.0005476214102301741,"timing_s/reward":0.23865117004606873,"critic/score/mean":4.9931640625,"response_length_non_aborted/mean":94.03125,"global_seqlen/min":3424,"response_length/mean":94.03125,"val/kl":0,"timing_s/step":52.91368572995998,"perf/cpu_memory_used_gb":32.74984359741211,"actor/pg_clipfrac_lower":0,"training/epoch":0,"num_turns/mean":2,"prompt_length/max":53,"val/gold_mean":1.8555179839240736,"timing_s/agent_loop/generate_sequences/mean":1.4860461269909138,"train/reward_mean":4.993163652718067,"perf/max_memory_reserved_gb":25.26953125,"actor/pg_loss":1.9528670236468315e-08,"timing_s/testing":557.9338814509101,"num_turns/max":2,"global_seqlen/mean":3661,"timing_s/agent_loop/tool_calls/min":0,"perf/throughput":69.18814952115733,"prompt_length/min":10,"critic/score/max":6.012197494506836,"timing_s/update_actor":34.19943131599575,"critic/score/min":2.6585850715637207,"critic/returns/min":-2.3885347843170166,"prompt_length/mean":20.375,"critic/returns/max":1.5496498346328735,"critic/advantages/min":-2.3885347843170166,"timing_s/stop_profile":6.316194776445627e-05,"timing_s/agent_loop/slowest/tool_calls":0,"critic/rewards/min":2.6585850715637207,"response_length/clip_ratio":0.78125,"perf/mfu/actor_infer":0,"critic/advantages/mean":-0.006483943667262793,"_wandb":{"runtime":34908},"actor/lr":1e-05,"global_seqlen/balanced_max":3661,"_timestamp":1.7697363541854575e+09,"timing_s/agent_loop/tool_calls/mean":0,"actor/pg_clipfrac":0,"timing_per_token_ms/update_actor":4.670777289810947,"_runtime":34908.502279053,"response_length/min":69,"timing_s/start_profile":8.643302135169506e-05,"training/global_step":500,"timing_s/agent_loop/slowest/generate_sequences":2.3664314160123467,"num_turns/min":2,"timing_s/adv":0.004009683965705335,"timing_s/old_log_prob":9.495293634012341,"critic/advantages/max":1.5496498346328735,"perf/mfu/actor":0,"response_length/max":96}