{"actor/entropy":1.5064786672592163,"timing_s/agent_loop/generate_sequences/max":4.62646722397767,"actor/ppo_kl":0,"val/gold_mean":2.0926068673106784,"perf/mfu/actor_infer":0,"timing_s/update_actor":44.79392860701773,"global_seqlen/balanced_min":2636,"response_length_non_aborted/mean":94,"critic/advantages/mean":0.019150475040078163,"response_length/clip_ratio":0.9722222089767456,"response_length_non_aborted/clip_ratio":0.9722222089767456,"actor/lr":1e-05,"timing_s/agent_loop/generate_sequences/mean":4.095968829750847,"timing_per_token_ms/update_actor":5.6104619998769705,"critic/rewards/max":3.7076172828674316,"critic/advantages/max":2.115394115447998,"prompt_length/mean":16.88888931274414,"actor/pg_loss":-1.1447506646315256e-08,"perf/max_memory_allocated_gb":24.41482639312744,"timing_per_token_ms/adv":0.000273966939559016,"actor/pg_clipfrac_lower":0,"_wandb":{"runtime":1303},"val/kl":0,"timing_s/step":82.01974298688583,"critic/score/min":-6.925021171569824,"perf/mfu/actor":0,"response/aborted_ratio":0,"timing_s/reward":0.21442689199466258,"perf/cpu_memory_used_gb":34.43998718261719,"timing_s/agent_loop/tool_calls/max":0,"critic/advantages/min":-2.1129677295684814,"global_seqlen/min":2587,"perf/throughput":32.44747223554279,"training/epoch":0,"perf/time_per_step":82.01974298688583,"num_turns/min":2,"timing_s/agent_loop/slowest/prompt_length":11,"response_length_non_aborted/max":96,"perf/total_num_tokens":7984,"global_seqlen/minmax_diff":178,"timing_s/stop_profile":0.00011254299897700548,"timing_s/agent_loop/tool_calls/mean":0,"critic/returns/mean":0.019150475040078163,"critic/rewards/mean":-0.9392353892326355,"num_turns/mean":2,"timing_s/agent_loop/slowest/generate_sequences":4.62646722397767,"perf/max_memory_reserved_gb":24.5859375,"global_seqlen/max":2765,"critic/score/max":3.7076172828674316,"timing_s/agent_loop/slowest/tool_calls":0,"prompt_length/min":11,"training/global_step":6,"response_length_non_aborted/min":13,"timing_s/old_log_prob":14.224866891046986,"timing_s/agent_loop/generate_sequences/min":0.13017839391250163,"response_length/max":96,"global_seqlen/mean":2661.3333333333335,"train/reward_mean":-0.9392354300038682,"timing_s/start_profile":9.113200940191746e-05,"response_length/mean":94,"_runtime":1303.123697745,"prompt_length/max":26,"prompt_length/clip_ratio":0,"timing_s/agent_loop/slowest/response_length":96,"timing_s/ref":10.493432095041499,"_step":6,"actor/kl_loss":0.0009814828812927266,"critic/rewards/min":-6.925021171569824,"_timestamp":1.7699906933040884e+09,"response_length/min":13,"critic/returns/min":-2.1129677295684814,"actor/kl_coef":0,"critic/returns/max":2.115394115447998,"timing_s/agent_loop/tool_calls/min":0,"timing_s/gen":12.274172304896638,"val/kl_seq":0,"timing_per_token_ms/ref":1.3143076271344563,"val/proxy_mean":0.6565851940613356,"timing_per_token_ms/gen":1.8135597377211343,"num_turns/max":2,"global_seqlen/balanced_max":2702,"critic/score/mean":-0.9392353892326355,"actor/pg_clipfrac":0,"actor/grad_norm":0.46711716055870056,"timing_s/adv":0.0021873520454391837}