{"training/epoch":0,"_timestamp":1.769571206522272e+09,"response_length/max":128,"timing_s/agent_loop/slowest/response_length":128,"critic/score/max":5.5370588302612305,"actor/pg_loss":-6.056507118046284e-08,"timing_s/agent_loop/generate_sequences/min":1.427469577989541,"actor/pg_clipfrac":0,"prompt_length/min":10,"timing_s/update_actor":40.780589869013056,"critic/score/min":1.2584999799728394,"global_seqlen/mean":4356,"timing_s/start_profile":9.08529618754983e-05,"perf/max_memory_allocated_gb":26.63813018798828,"num_turns/max":2,"num_turns/mean":2,"training/global_step":500,"response_length_non_aborted/max":128,"perf/max_memory_reserved_gb":27.3125,"timing_per_token_ms/update_actor":4.680967615818762,"timing_s/agent_loop/tool_calls/mean":0,"actor/grad_norm":0.5374548435211182,"perf/mfu/actor_infer":0,"num_turns/min":2,"global_seqlen/minmax_diff":318,"critic/returns/max":1.838331699371338,"critic/advantages/min":-2.3061060905456543,"prompt_length/clip_ratio":0,"global_seqlen/balanced_min":4356,"global_seqlen/min":4197,"timing_per_token_ms/ref":0.4438060545194163,"critic/rewards/min":1.2584999799728394,"timing_s/agent_loop/generate_sequences/max":2.120004843978677,"perf/mfu/actor":0,"timing_s/ref":3.8664383469731547,"critic/advantages/mean":-0.016182854771614075,"perf/total_num_tokens":8712,"critic/returns/min":-2.3061060905456543,"response/aborted_ratio":0,"response_length/mean":115.75,"timing_s/testing":727.947672089038,"actor/ppo_kl":0,"timing_s/adv":0.004204009019304067,"actor/kl_loss":0.3268389976583421,"response_length/clip_ratio":0.25,"timing_s/step":68.22524313203758,"critic/returns/mean":-0.016182854771614075,"response_length_non_aborted/mean":115.75,"val/kl":0.5644850397151919,"timing_s/agent_loop/generate_sequences/mean":1.852560305197585,"val/proxy_mean":4.261402354808524,"actor/kl_coef":0.01,"timing_s/agent_loop/tool_calls/max":0,"global_seqlen/max":4515,"_runtime":46602.760171204,"prompt_length/mean":20.375,"_step":500,"timing_per_token_ms/gen":1.4625725387414559,"response_length_non_aborted/min":87,"_wandb":{"runtime":46602},"perf/throughput":63.847335678522285,"train/reward_mean":3.9249528665095568,"timing_s/agent_loop/slowest/tool_calls":0,"critic/score/mean":3.924952983856201,"timing_s/stop_profile":6.476195994764566e-05,"response_length_non_aborted/clip_ratio":0.25,"timing_s/gen":10.834737366996706,"global_seqlen/balanced_max":4356,"prompt_length/max":53,"actor/entropy":0.895412266254425,"timing_s/reward":1.1493784849881195,"val/gold_mean":4.110832466350985,"timing_s/agent_loop/tool_calls/min":0,"timing_per_token_ms/adv":0.00048255383600827214,"timing_s/agent_loop/slowest/generate_sequences":2.120004843978677,"critic/rewards/max":5.5370588302612305,"critic/rewards/mean":3.924952983856201,"response_length/min":87,"timing_s/agent_loop/slowest/prompt_length":13,"actor/lr":1e-05,"actor/pg_clipfrac_lower":0,"perf/time_per_step":68.22524313203758,"timing_s/old_log_prob":11.563564874988515,"critic/advantages/max":1.838331699371338,"perf/cpu_memory_used_gb":32.88492202758789}