{"timing_s/agent_loop/generate_sequences/max":2.009928821003996,"timing_per_token_ms/update_actor":4.605127415131955,"global_seqlen/minmax_diff":323,"critic/returns/max":1.7399057149887085,"global_seqlen/min":4301,"timing_s/gen":9.597628965973854,"actor/pg_clipfrac":0,"response_length/min":97,"timing_s/step":67.30033060407732,"actor/pg_loss":3.179229679517448e-07,"_step":500,"critic/returns/mean":-0.0034360899589955807,"critic/advantages/max":1.7399057149887085,"critic/rewards/mean":4.0659308433532715,"actor/ppo_kl":0,"timing_s/agent_loop/generate_sequences/min":1.5296513449866325,"response_length_non_aborted/min":97,"timing_s/agent_loop/tool_calls/min":0,"num_turns/min":2,"actor/pg_clipfrac_lower":0,"timing_s/stop_profile":6.451189983636141e-05,"global_seqlen/max":4624,"actor/kl_loss":0.3437291686423123,"response_length/max":128,"val/kl":0.5813743943573202,"timing_s/agent_loop/slowest/tool_calls":0,"perf/total_num_tokens":8925,"timing_per_token_ms/gen":1.2593660892237049,"_timestamp":1.769662072444048e+09,"timing_s/adv":0.004079916048794985,"actor/lr":1e-05,"actor/kl_coef":0.01,"critic/advantages/mean":-0.0034360899589955807,"timing_s/agent_loop/tool_calls/max":0,"timing_s/old_log_prob":11.576445290935226,"timing_s/agent_loop/tool_calls/mean":0,"global_seqlen/balanced_min":4462,"timing_s/agent_loop/slowest/response_length":128,"perf/cpu_memory_used_gb":31.644725799560547,"response/aborted_ratio":0,"response_length_non_aborted/max":128,"num_turns/mean":2,"val/proxy_mean":4.2539717128966,"timing_s/start_profile":8.317292667925358e-05,"prompt_length/min":10,"timing_s/ref":3.8686429699882865,"_wandb":{"runtime":45219},"prompt_length/max":53,"perf/max_memory_allocated_gb":26.63813018798828,"timing_s/update_actor":41.1007621800527,"timing_s/agent_loop/generate_sequences/mean":1.8267436628866562,"critic/rewards/max":5.675022125244141,"critic/score/min":1.583742380142212,"response_length/mean":119.078125,"_runtime":45219.969122018,"actor/grad_norm":0.35432055592536926,"global_seqlen/mean":4462.5,"timing_per_token_ms/ref":0.4334613971975671,"global_seqlen/balanced_max":4463,"perf/time_per_step":67.30033060407732,"prompt_length/clip_ratio":0,"critic/returns/min":-2.3633484840393066,"critic/score/max":5.675022125244141,"critic/advantages/min":-2.3633484840393066,"response_length_non_aborted/clip_ratio":0.203125,"train/reward_mean":4.065930929034948,"prompt_length/mean":20.375,"timing_per_token_ms/adv":0.00045713345084537647,"num_turns/max":2,"training/epoch":0,"critic/score/mean":4.0659308433532715,"timing_s/agent_loop/slowest/generate_sequences":2.009928821003996,"critic/rewards/min":1.583742380142212,"response_length_non_aborted/mean":119.078125,"perf/mfu/actor":0,"response_length/clip_ratio":0.203125,"perf/throughput":66.30725228160534,"timing_s/testing":688.2205634959973,"training/global_step":500,"perf/max_memory_reserved_gb":27.3125,"perf/mfu/actor_infer":0,"timing_s/agent_loop/slowest/prompt_length":13,"actor/entropy":0.9080343246459961,"val/gold_mean":4.056714451347943,"timing_s/reward":1.1293925560312346}