{"timing_s/step":54.3918233490549,"actor/entropy":0.9443278312683105,"timing_s/agent_loop/slowest/response_length":96,"val/gold_mean":2.154086265301885,"perf/throughput":65.12927462031026,"response_length_non_aborted/min":74,"timing_per_token_ms/update_actor":4.8515543432501405,"timing_s/agent_loop/generate_sequences/mean":1.2406686331996752,"perf/time_per_step":54.3918233490549,"actor/ppo_kl":0,"perf/mfu/actor_infer":0,"timing_s/adv":0.004200969007797539,"response_length_non_aborted/clip_ratio":0.390625,"timing_s/stop_profile":6.190105341374874e-05,"global_seqlen/max":3811,"response_length_non_aborted/max":96,"global_seqlen/balanced_max":3543,"perf/mfu/actor":0,"_timestamp":1.7697013348694007e+09,"actor/grad_norm":1.0186251401901245,"timing_s/agent_loop/slowest/generate_sequences":3.745822684955783,"critic/rewards/min":1.5860185623168945,"timing_s/agent_loop/tool_calls/mean":0,"critic/advantages/mean":0.006237482652068138,"critic/rewards/mean":4.883699417114258,"val/proxy_mean":5.5107235363684595,"critic/score/max":6.089748859405518,"num_turns/min":2,"critic/score/min":1.5860185623168945,"response_length_non_aborted/mean":90.328125,"training/global_step":500,"_step":500,"training/epoch":0,"global_seqlen/minmax_diff":537,"response_length/mean":90.328125,"response_length/clip_ratio":0.390625,"timing_s/agent_loop/generate_sequences/min":0.9955094669712707,"timing_s/start_profile":8.424301631748676e-05,"timing_s/agent_loop/slowest/prompt_length":17,"timing_s/gen":10.23844361898955,"response_length/max":96,"actor/kl_loss":0,"timing_s/old_log_prob":9.526907182997093,"critic/advantages/max":1.4992849826812744,"actor/pg_loss":-7.441267371177673e-07,"global_seqlen/mean":3542.5,"timing_s/agent_loop/slowest/tool_calls":0,"timing_per_token_ms/adv":0.0005929384626390317,"critic/advantages/min":-1.9165796041488647,"critic/returns/min":-1.9165796041488647,"num_turns/mean":2,"timing_s/agent_loop/tool_calls/max":0,"_runtime":34672.086821523,"perf/total_num_tokens":7085,"prompt_length/mean":20.375,"prompt_length/min":10,"timing_s/testing":523.8721194820246,"num_turns/max":2,"train/reward_mean":4.883699018508196,"val/kl":0,"critic/rewards/max":6.089748859405518,"perf/max_memory_reserved_gb":25.26953125,"critic/score/mean":4.883699417114258,"global_seqlen/min":3274,"timing_s/update_actor":34.373262521927245,"timing_per_token_ms/gen":1.7710506173654297,"timing_s/agent_loop/generate_sequences/max":3.745822684955783,"timing_s/agent_loop/tool_calls/min":0,"global_seqlen/balanced_min":3542,"perf/cpu_memory_used_gb":29.034992218017578,"prompt_length/max":53,"_wandb":{"runtime":34672},"timing_s/reward":0.22472298494540155,"perf/max_memory_allocated_gb":24.652024269104004,"actor/pg_clipfrac":0,"actor/pg_clipfrac_lower":0,"critic/returns/max":1.4992849826812744,"prompt_length/clip_ratio":0,"actor/lr":1e-05,"critic/returns/mean":0.006237482652068138,"response_length/min":74,"response/aborted_ratio":0}