{"timing_s/save_checkpoint":9.980962173081934,"response_length_non_aborted/mean":124.20833587646484,"timing_s/old_log_prob":29.650527669116855,"response/aborted_ratio":0,"response_length/clip_ratio":0.5277777910232544,"actor/kl_loss":0.881159880508979,"actor/kl_coef":0,"timing_s/agent_loop/slowest/prompt_length":17,"response_length_non_aborted/max":128,"critic/advantages/max":2.2528276443481445,"perf/total_num_tokens":21502,"timing_s/agent_loop/generate_sequences/max":1.5801680029835552,"timing_s/start_profile":8.865189738571644e-05,"actor/ppo_kl":0,"timing_s/agent_loop/tool_calls/mean":0,"perf/cpu_memory_used_gb":39.482601165771484,"perf/time_per_step":149.3169173700735,"timing_s/reward":0.5287294848822057,"timing_s/agent_loop/slowest/generate_sequences":1.5801680029835552,"prompt_length/mean":25.11111068725586,"global_seqlen/min":6581,"perf/max_memory_allocated_gb":24.41482639312744,"actor/lr":1e-05,"perf/mfu/actor":0,"_wandb":{"runtime":113946},"val/proxy_mean":6.042860045097768,"actor/pg_clipfrac_lower":0,"response_length/mean":124.20833587646484,"timing_s/testing":681.541124365991,"timing_s/agent_loop/generate_sequences/mean":1.3782499196838924,"num_turns/max":2,"critic/returns/max":2.2528276443481445,"response_length/max":128,"_runtime":113946.022597964,"prompt_length/min":12,"response_length/min":103,"perf/throughput":48.00081236320668,"actor/entropy":0.6293498277664185,"timing_s/agent_loop/slowest/tool_calls":0,"global_seqlen/balanced_min":7167,"critic/score/mean":5.942781925201416,"global_seqlen/max":7471,"timing_s/adv":0.004635712131857872,"timing_s/stop_profile":0.000134594039991498,"val/kl_seq":166.19086289405823,"timing_per_token_ms/update_actor":4.135359694300951,"global_seqlen/balanced_max":7168,"val/kl":1.3501590206873444,"critic/score/min":4.6933913230896,"num_turns/min":2,"critic/rewards/mean":5.942781925201416,"global_seqlen/mean":7167.333333333333,"timing_per_token_ms/adv":0.0002155944624619976,"timing_s/step":149.3169173700735,"critic/rewards/max":6.237798690795898,"critic/advantages/min":-3.3785736560821533,"_step":500,"perf/max_memory_reserved_gb":24.5859375,"prompt_length/max":49,"critic/returns/min":-3.3785736560821533,"timing_per_token_ms/ref":0.9607859666523106,"timing_s/update_actor":88.91850414685905,"timing_per_token_ms/gen":0.531521294925503,"timing_s/ref":20.658819854957983,"actor/pg_clipfrac":0,"critic/advantages/mean":0.002356796758249402,"_timestamp":1.770352393316972e+09,"timing_s/agent_loop/tool_calls/max":0,"timing_s/gen":9.506789881037548,"val/gold_mean":1.911745014396729,"train/reward_mean":5.942781898710463,"response_length_non_aborted/clip_ratio":0.5277777910232544,"actor/pg_loss":2.6154642305982006e-07,"perf/mfu/actor_infer":0,"timing_s/agent_loop/tool_calls/min":0,"global_seqlen/minmax_diff":890,"timing_s/agent_loop/slowest/response_length":128,"num_turns/mean":2,"training/global_step":500,"critic/returns/mean":0.002356796758249402,"training/epoch":0,"response_length_non_aborted/min":103,"critic/score/max":6.237798690795898,"actor/grad_norm":0.5377393960952759,"prompt_length/clip_ratio":0,"critic/rewards/min":4.6933913230896,"timing_s/agent_loop/generate_sequences/min":1.09977214387618}