{"critic/rewards/mean":-0.46958017349243164,"critic/rewards/min":-6.514321804046631,"timing_s/agent_loop/generate_sequences/mean":5.632418334673275,"perf/mfu/actor":0,"timing_s/gen":14.235245465068147,"critic/returns/min":-2.716691255569458,"critic/returns/mean":0.006134796887636185,"timing_s/agent_loop/slowest/tool_calls":0,"num_turns/mean":2,"actor/pg_clipfrac_lower":0,"timing_s/agent_loop/tool_calls/mean":0,"val/kl":0,"critic/advantages/mean":0.006134796887636185,"perf/throughput":44.043370284716914,"global_seqlen/balanced_min":6817,"_runtime":2785.235254031,"timing_s/stop_profile":0.00014210399240255356,"global_seqlen/min":6567,"response_length_non_aborted/max":128,"critic/score/min":-6.514321804046631,"_timestamp":1.7702347118423047e+09,"actor/pg_clipfrac":0,"prompt_length/min":12,"prompt_length/mean":16.33333396911621,"global_seqlen/minmax_diff":601,"timing_s/reward":0.4943734868429601,"timing_s/agent_loop/generate_sequences/min":0.2225694430526346,"timing_s/ref":20.767597021069378,"timing_s/start_profile":8.479203097522259e-05,"critic/advantages/min":-2.716691255569458,"timing_per_token_ms/ref":1.0153814609626646,"global_seqlen/mean":6817.666666666667,"val/proxy_mean":0.7648972788811079,"training/epoch":0,"actor/kl_loss":0.0010976027309273677,"timing_s/old_log_prob":29.804943493101746,"response_length/mean":125.70138549804688,"_wandb":{"runtime":2785},"perf/max_memory_reserved_gb":24.5859375,"val/gold_mean":2.3399219178973,"actor/grad_norm":0.24722282588481903,"timing_s/agent_loop/generate_sequences/max":6.354881804203615,"timing_per_token_ms/adv":0.000380833227939083,"response_length_non_aborted/clip_ratio":0.9722222089767456,"critic/score/mean":-0.46958017349243164,"perf/mfu/actor_infer":0,"critic/returns/max":2.5877726078033447,"global_seqlen/max":7168,"prompt_length/max":27,"val/kl_seq":0,"training/global_step":9,"response_length_non_aborted/mean":125.70138549804688,"response_length/min":12,"actor/entropy":1.8262345790863037,"timing_s/adv":0.007789182011038065,"perf/cpu_memory_used_gb":35.05495071411133,"train/reward_mean":-0.4695801273660941,"actor/lr":1e-05,"num_turns/max":2,"actor/pg_loss":1.8073175553356968e-08,"critic/rewards/max":5.540757656097412,"timing_s/agent_loop/tool_calls/min":0,"response_length_non_aborted/min":12,"actor/kl_coef":0,"prompt_length/clip_ratio":0,"response_length/clip_ratio":0.9722222089767456,"perf/max_memory_allocated_gb":24.41482639312744,"timing_per_token_ms/gen":0.7864342006004169,"timing_per_token_ms/update_actor":4.372795005811394,"critic/advantages/max":2.5877726078033447,"perf/total_num_tokens":20453,"timing_s/agent_loop/slowest/response_length":128,"response_length/max":128,"timing_s/agent_loop/tool_calls/max":0,"critic/score/max":5.540757656097412,"timing_s/agent_loop/slowest/prompt_length":12,"perf/time_per_step":154.79439067887142,"response/aborted_ratio":0,"actor/ppo_kl":0,"global_seqlen/balanced_max":6819,"_step":9,"num_turns/min":2,"timing_s/step":154.79439067887142,"timing_s/agent_loop/slowest/generate_sequences":6.354881804203615,"timing_s/update_actor":89.43677625386044}