{"global_seqlen/balanced_max":4235,"timing_s/old_log_prob":11.568927287007682,"critic/returns/max":1.8936636447906494,"actor/entropy":0.9157555103302002,"prompt_length/min":10,"training/epoch":0,"response_length_non_aborted/clip_ratio":0.0625,"perf/cpu_memory_used_gb":28.13007354736328,"response_length/max":128,"perf/throughput":62.836018253587575,"global_seqlen/mean":4234.5,"critic/returns/mean":0.0028384991455823183,"critic/rewards/max":5.252753257751465,"train/reward_mean":4.080216536298394,"timing_s/agent_loop/generate_sequences/min":1.517732726992108,"response_length/min":90,"val/kl":0.5187091638850146,"critic/advantages/mean":0.0028384991455823183,"critic/rewards/mean":4.080216884613037,"timing_s/agent_loop/generate_sequences/max":2.1118618230102584,"critic/advantages/min":-2.451537847518921,"timing_s/stop_profile":6.206100806593895e-05,"timing_s/agent_loop/slowest/generate_sequences":2.1118618230102584,"timing_s/agent_loop/tool_calls/mean":0,"timing_s/gen":10.193789509008639,"perf/mfu/actor":0,"val/proxy_mean":4.203796053072438,"timing_s/start_profile":8.835195330902934e-05,"perf/max_memory_allocated_gb":26.63813018798828,"perf/time_per_step":67.38969332701527,"num_turns/mean":2,"critic/score/mean":4.080216884613037,"timing_per_token_ms/adv":0.000492232613712426,"timing_s/agent_loop/slowest/response_length":128,"critic/score/max":5.252753257751465,"prompt_length/clip_ratio":0,"timing_per_token_ms/gen":1.4227200989544506,"perf/mfu/actor_infer":0,"timing_s/agent_loop/generate_sequences/mean":1.8173402022202936,"global_seqlen/max":4392,"actor/pg_loss":-8.963979780673981e-08,"timing_s/agent_loop/slowest/tool_calls":0,"timing_per_token_ms/ref":0.45590808182555165,"global_seqlen/min":4077,"critic/score/min":0.9009109735488892,"global_seqlen/minmax_diff":315,"training/global_step":500,"_timestamp":1.7695244855236146e+09,"val/gold_mean":4.0967660486348905,"timing_per_token_ms/update_actor":4.807948009564882,"response_length_non_aborted/min":90,"timing_s/agent_loop/tool_calls/min":0,"num_turns/max":2,"prompt_length/max":53,"timing_s/update_actor":40.718511693004984,"timing_s/adv":0.004168718005530536,"actor/pg_clipfrac_lower":0,"critic/advantages/max":1.8936636447906494,"_runtime":44100.626647486,"actor/kl_loss":0.29337246413342655,"response_length/clip_ratio":0.0625,"actor/ppo_kl":0,"response/aborted_ratio":0,"actor/grad_norm":0.4520776867866516,"prompt_length/mean":20.375,"actor/pg_clipfrac":0,"_wandb":{"runtime":44100},"critic/returns/min":-2.451537847518921,"_step":500,"num_turns/min":2,"perf/max_memory_reserved_gb":27.3125,"response_length_non_aborted/mean":111.953125,"timing_s/reward":1.0187308869790286,"timing_s/agent_loop/slowest/prompt_length":17,"perf/total_num_tokens":8469,"global_seqlen/balanced_min":4234,"response_length_non_aborted/max":128,"actor/kl_coef":0.01,"timing_s/step":67.38969332701527,"timing_s/testing":706.5756200989708,"timing_s/agent_loop/tool_calls/max":0,"critic/rewards/min":0.9009109735488892,"timing_s/ref":3.8610855449805968,"actor/lr":1e-05,"response_length/mean":111.953125}